date,lines,files,type,note
2026-06-02,4436,114,estimated,log-linear backward extrapolation from first two midnight snapshots
2026-06-03,5284,127,estimated,log-linear backward extrapolation from first two midnight snapshots
2026-06-04,6294,141,estimated,log-linear backward extrapolation from first two midnight snapshots
2026-06-05,7496,157,estimated,log-linear backward extrapolation from first two midnight snapshots
2026-06-06,8929,174,estimated,log-linear backward extrapolation from first two midnight snapshots
2026-06-07,10635,194,estimated,log-linear backward extrapolation from first two midnight snapshots
2026-06-08,12668,215,estimated,log-linear backward extrapolation from first two midnight snapshots
2026-06-09,15089,239,estimated,log-linear backward extrapolation from first two midnight snapshots
2026-06-10,17972,266,estimated,log-linear backward extrapolation from first two midnight snapshots
2026-06-11,21407,296,estimated,log-linear backward extrapolation from first two midnight snapshots
2026-06-12,25498,329,estimated,log-linear backward extrapolation from first two midnight snapshots
2026-06-13,30370,366,estimated,log-linear backward extrapolation from first two midnight snapshots
2026-06-14,36174,406,estimated,log-linear backward extrapolation from first two midnight snapshots
2026-06-15,43088,452,estimated,log-linear backward extrapolation from first two midnight snapshots
2026-06-16,51322,502,actual,midnight snapshot 7ebdb448d
2026-06-17,61130,558,actual,midnight snapshot 77c4adceb
2026-06-18,65882,613,actual,midnight snapshot 9b78d147a
2026-06-19,65882,613,actual,midnight snapshot 9b78d147a
2026-06-20,73717,685,actual,midnight snapshot 6e5689826
2026-06-21,87919,815,actual,midnight snapshot f90bb7916
2026-06-22,97027,889,actual,midnight snapshot d6deeb869
2026-06-23,109176,976,actual,midnight snapshot bddc69d82
2026-06-24,112579,996,actual,midnight snapshot 8173e11cf
2026-06-25,123966,1064,actual,midnight snapshot fa69d9e04
2026-06-26,130205,1090,actual,midnight snapshot c9e9a1493
2026-06-27,140190,1140,actual,midnight snapshot 87924089a
2026-06-28,147448,1167,actual,midnight snapshot 76c5c83b0
2026-06-29,149119,1181,actual,midnight snapshot 5e9370eb8
2026-06-30,159394,1252,actual,midnight snapshot c44b44109
2026-07-01,173453,1335,actual,midnight snapshot c26b96e15
2026-07-02,181233,1373,actual,midnight snapshot 6bba9d4ef
2026-07-03,196108,1470,actual,midnight snapshot 4cbe1b0de
2026-07-04,207471,1537,actual,midnight snapshot 9137adc6c
2026-07-05,220177,1629,actual,midnight snapshot 39d3b38e8
2026-07-06,230421,1736,actual,midnight snapshot 7e392fc36
2026-07-07,240495,1853,actual,midnight snapshot 4b1b084a2
2026-07-08,250212,1911,actual,midnight snapshot ed680d628
2026-07-09,257015,1943,actual,midnight snapshot f565672ff
2026-07-10,264765,1988,actual,midnight snapshot 3cfad59de
2026-07-11,270253,2029,actual,midnight snapshot 75f021b2c
2026-07-12,275409,2084,actual,midnight snapshot 04114aa4b
2026-07-13,276872,2116,actual,midnight snapshot 9b6ccd818
2026-07-14,281019,2142,actual,midnight snapshot da26c8a29
2026-07-15,295593,2263,actual,midnight snapshot fafb53340
2026-07-16,297929,2275,actual,midnight snapshot 887560a73
2026-07-17,308912,2348,actual,midnight snapshot 051962a79
2026-07-18,311657,2363,actual,midnight snapshot 0953adb8c
2026-07-19,321058,2433,actual,midnight snapshot 6eeb4a566
